{"cameraMode":{"drawMode":0,"name":"Shaded","section":"Shading Mode"},"sceneLighting":true,"audioPlay":false,"sceneViewState":{"showFog":true,"showMaterialUpdate":false,"showSkybox":true,"showFlares":true,"showImageEffects":true,"showParticleSystems":true},"in2DMode":false,"pivot":{"x":-672.4692993164063,"y":-742.0430297851563,"z":800.5192260742188},"rotation":{"x":0.28396299481391909,"y":-0.32536831498146059,"z":0.1031133309006691,"w":0.8960344195365906},"size":659.8159790039063,"orthographic":false}